marker-color,marker-size,marker-symbol,NummerRijksmonument,NaamRijksmonument,HoofdCategorieMS,GEMEENTE,PROVINCIE,PLAATS,SITUERING,Adres,POSTCODE,STATUS,long,lat
#80ff80,small,,45063,,Archeologie,Winsum,Groningen,Adorp,,,9774 ZA,beschermd,6.530857206251,53.283965934006
#80ff80,small,,45064,,Archeologie,Winsum,Groningen,Adorp,,,9774 ZA,beschermd,6.525681863981,53.285587669867
#80ff80,small,,45065,,Archeologie,Winsum,Groningen,Adorp,,,9774 ZA,beschermd,6.540869693785,53.284939541541
#80ff80,small,,45066,,Archeologie,Winsum,Groningen,Sauwerd,,,9770 AA,beschermd,6.555108048604,53.287452871851
#80ff80,small,,45067,,Archeologie,Winsum,Groningen,Adorp,,,9774 ZA,beschermd,6.547187056728,53.292912323121
#80ff80,small,,45068,,Archeologie,Winsum,Groningen,Adorp,,,9774 ZA,beschermd,6.517181590175,53.286809167767
#80ff80,small,,45069,,Archeologie,Winsum,Groningen,Adorp,,,9774 ZA,beschermd,6.528750134551,53.294436840478
#80ff80,small,,45070,,Archeologie,Winsum,Groningen,Adorp,,,9774 ZA,beschermd,6.534850189265,53.297658656169
#80ff80,small,,45071,,Archeologie,Winsum,Groningen,Adorp,,,9774 ZA,beschermd,6.521882955906,53.297934581927
#80ff80,small,,45072,,Archeologie,Winsum,Groningen,Adorp,,,9774 ZA,beschermd,6.529701684083,53.302048007507
#80ff80,small,,45073,,Archeologie,Winsum,Groningen,Adorp,,,9774 ZA,beschermd,6.53412195441,53.303551504322
#80ff80,small,,45074,,Archeologie,Winsum,Groningen,Adorp,,,9774 ZA,beschermd,6.537362052726,53.30691727564
#80ff80,small,,45087,,Archeologie,Groningen,Groningen,Groningen,Bij,Beijumerweg 19,9737 AB,beschermd,6.592192280131,53.250377656529
#80ff80,small,,45088,,Archeologie,Bedum,Groningen,Zuidwolde,,,9785 ZA,beschermd,6.571893628573,53.26415795512
#80ff80,small,,45089,,Archeologie,Bedum,Groningen,Zuidwolde,,,9785 ZA,beschermd,6.572608244336,53.266711986822
#80ff80,small,,45090,,Archeologie,Bedum,Groningen,Noordwolde,,,9780 AA,beschermd,6.561851208836,53.281761771274
#80ff80,small,,45011,,Archeologie,Aa en Hunze,Drenthe,Annen,,,9468 ZA,beschermd,6.715555274687,53.061431627356
#80ff80,small,,45012,,Archeologie,Aa en Hunze,Drenthe,Annen,,,9468 ZA,beschermd,6.712771781836,53.042571636982
#80ff80,small,,45013,,Archeologie,Aa en Hunze,Drenthe,Anloo,,,9463 ZA,beschermd,6.708350037112,53.037408023712
#80ff80,small,,45014,,Archeologie,Aa en Hunze,Drenthe,Gasteren,,,9466 ZA,beschermd,6.659197823356,53.046775004934
#80ff80,small,,45015,,Archeologie,Aa en Hunze,Drenthe,Gasteren,,,9466 ZA,beschermd,6.658757495323,53.042429967711
#80ff80,small,,45016,,Archeologie,Aa en Hunze,Drenthe,Gasteren,,,9466 ZA,beschermd,6.675590360439,53.032292206213
#80ff80,small,,45017,,Archeologie,Aa en Hunze,Drenthe,Anloo,,,9463 ZA,beschermd,6.708056271487,53.030194604498
#80ff80,small,,45018,,Archeologie,Aa en Hunze,Drenthe,Anloo,,,9463 ZA,beschermd,6.710205925415,53.028822775571
#80ff80,small,,45019,,Archeologie,Aa en Hunze,Drenthe,Anloo,,,9463 ZA,beschermd,6.719324753383,53.033547664981
#80ff80,small,,45020,,Archeologie,Aa en Hunze,Drenthe,Anloo,,,9463 ZA,beschermd,6.726367241238,53.030341496988
#80ff80,small,,45021,,Archeologie,Aa en Hunze,Drenthe,Eext,,,9463 ZA,beschermd,6.729848701876,53.029152109957
#80ff80,small,,45022,,Archeologie,Aa en Hunze,Drenthe,Eext,,,9463 ZA,beschermd,6.705661853457,53.014160976583
#80ff80,small,,45023,,Archeologie,Aa en Hunze,Drenthe,Eext,,,9463 ZA,beschermd,6.72015284591,53.016795342393
#80ff80,small,,45024,,Archeologie,Aa en Hunze,Drenthe,Eext,,,9463 ZA,beschermd,6.719262788937,53.017416388976
#80ff80,small,,45025,,Archeologie,Aa en Hunze,Drenthe,Eext,,,9463 ZA,beschermd,6.723666770222,53.01523728614
#80ff80,small,,45026,,Archeologie,Aa en Hunze,Drenthe,Eext,,,9463 ZA,beschermd,6.726990697375,53.011389513064
#80ff80,small,,45027,,Archeologie,Emmen,Drenthe,Emmen,,,7800 AA,beschermd,6.88950626715,52.811107253816
#80ff80,small,,45028,,Archeologie,Aa en Hunze,Drenthe,Eext,,,9463 ZA,beschermd,6.763587722427,53.01797493764
#80ff80,small,,45029,,Archeologie,Aa en Hunze,Drenthe,Eext,,,9463 ZA,beschermd,6.72985080504,53.001705141488
#80ff80,small,,45030,,Archeologie,Aa en Hunze,Drenthe,Eext,,,9463 ZA,beschermd,6.714587980863,52.996087797342
#80ff80,small,,45031,,Archeologie,Aa en Hunze,Drenthe,Eext,,,9463 ZA,beschermd,6.705249379202,52.986287191604
#80ff80,small,,45032,,Archeologie,Aa en Hunze,Drenthe,Anloo,,,9463 ZA,beschermd,6.650774140349,53.051465605329
#80ff80,small,,45033,,Archeologie,Aa en Hunze,Drenthe,Eext,,,9463 ZA,beschermd,6.746022539579,53.03247446787
#80ff80,small,,45038,,Archeologie,Zuidhorn,Groningen,Den Horn,,,9800 AA,beschermd,6.439970006641,53.232129347909
#80ff80,small,,45039,,Archeologie,Zuidhorn,Groningen,Aduard,,,9830 AA,beschermd,6.448962425946,53.24397477992
#80ff80,small,,45040,,Archeologie,Zuidhorn,Groningen,Aduard,,,9830 AA,beschermd,6.454939887069,53.247012998215
#80ff80,small,,45041,,Archeologie,Zuidhorn,Groningen,Den Ham,,,9800 AA,beschermd,6.430597477407,53.268209556811
#80ff80,small,,45042,,Archeologie,Zuidhorn,Groningen,Den Ham,,,9800 AA,beschermd,6.427629591755,53.26882838606
#80ff80,small,,45043,,Archeologie,Zuidhorn,Groningen,Den Ham,,,9800 AA,beschermd,6.425634212584,53.267506735284
#80ff80,small,,45044,,Archeologie,Zuidhorn,Groningen,Aduard,,,9830 AA,beschermd,6.498381563227,53.261365087227
#80ff80,small,,45045,,Archeologie,Zuidhorn,Groningen,Den Ham,,,9800 AA,beschermd,6.417700984128,53.275491766892
#80ff80,small,,45046,,Archeologie,Zuidhorn,Groningen,Fransum,,,9800 AA,beschermd,6.466825441805,53.269390003772
#80ff80,small,,45047,,Archeologie,Zuidhorn,Groningen,Fransum,,,9800 AA,beschermd,6.447814800285,53.278374731266
#80ff80,small,,45048,,Archeologie,Winsum,Groningen,Oostum,,,9770 AA,beschermd,6.495849801338,53.268406675252
#80ff80,small,,45050,,Archeologie,Winsum,Groningen,Adorp,,,9774 ZA,beschermd,6.527506623404,53.250802803783
#80ff80,small,,45051,,Archeologie,Winsum,Groningen,Adorp,,,9774 ZA,beschermd,6.520996346835,53.258502749436
#80ff80,small,,45052,,Archeologie,Winsum,Groningen,Adorp,,,9774 ZA,beschermd,6.543820360688,53.254609682067
#80ff80,small,,45053,,Archeologie,Winsum,Groningen,Adorp,,,9774 ZA,beschermd,6.547212771789,53.253714272466
#80ff80,small,,45055,,Archeologie,Winsum,Groningen,Adorp,,,9774 ZA,beschermd,6.534239524787,53.263418234548
#80ff80,small,,45057,,Archeologie,Winsum,Groningen,Adorp,,,9774 ZA,beschermd,6.531212396683,53.265693663355
#80ff80,small,,45059,,Archeologie,Winsum,Groningen,Adorp,,,9774 ZA,beschermd,6.510595130943,53.268251670813
#80ff80,small,,45060,,Archeologie,Winsum,Groningen,Adorp,,,9774 ZA,beschermd,6.533064097543,53.276162888314
#80ff80,small,,45061,,Archeologie,Winsum,Groningen,Adorp,,,9774 ZA,beschermd,6.532901453083,53.277377572715
#80ff80,small,,45062,,Archeologie,Winsum,Groningen,Adorp,,,9774 ZA,beschermd,6.526500236784,53.27910090179
#80ff80,small,,45091,,Archeologie,Bedum,Groningen,Ellerhuizen,,,9780 AA,beschermd,6.603748340829,53.277112207638
#80ff80,small,,45092,,Archeologie,Bedum,Groningen,Bedum,,,9780 AA,beschermd,6.629291475165,53.313424823246
#80ff80,small,,45093,,Archeologie,Bedum,Groningen,Bedum,,,9780 AA,beschermd,6.599573991065,53.301426217571
#80ff80,small,,45094,,Archeologie,Bedum,Groningen,Onderwierum,,,9780 AA,beschermd,6.580576449103,53.32395591485
#80ff80,small,,45095,,Archeologie,Bedum,Groningen,Onderwierum,,,9780 AA,beschermd,6.581081845094,53.325945808374
#80ff80,small,,45096,,Archeologie,Bedum,Groningen,Onderwierum,,,9780 AA,beschermd,6.580564968985,53.327334798003
#80ff80,small,,45097,,Archeologie,Bedum,Groningen,Onderdendam,,,9959 ZA,beschermd,6.5809708416,53.333315493561
#80ff80,small,,45098,,Archeologie,Bedum,Groningen,Onderdendam,,,9959 ZA,beschermd,6.58399623057,53.340627023396
#80ff80,small,,45137,,Archeologie,Appingedam,Groningen,Tjamsweer,,,9900 AA,beschermd,6.83562207411,53.323426691067
#80ff80,small,,45287,,Archeologie,Het Bildt,Friesland,Minnertsga,,,9047 ZA,beschermd,5.578792231221,53.246774477303
#80ff80,small,,45138,,Archeologie,Appingedam,Groningen,Tjamsweer,,,9900 AA,beschermd,6.83343727303,53.323174417214
#80ff80,small,,45139,,Archeologie,Appingedam,Groningen,Tjamsweer,,,9900 AA,beschermd,6.82949844439,53.324327084947
#80ff80,small,,45140,,Archeologie,Appingedam,Groningen,Tjamsweer,,,9900 AA,beschermd,6.83114635797,53.326473045466
#80ff80,small,,45141,,Archeologie,Appingedam,Groningen,Tjamsweer,,,9900 AA,beschermd,6.836230260409,53.327229638913
#80ff80,small,,45142,,Archeologie,Appingedam,Groningen,Appingedam,,,9900 AA,beschermd,6.854184785608,53.323758734656
#80ff80,small,,45143,,Archeologie,Appingedam,Groningen,Oling,,,9900 AA,beschermd,6.835346894893,53.313005637091
#80ff80,small,,45144,,Archeologie,Appingedam,Groningen,Appingedam,,,9900 AA,beschermd,6.834386206549,53.315677224327
#80ff80,small,,45145,,Archeologie,Appingedam,Groningen,Appingedam,,,9900 AA,beschermd,6.843626520982,53.314235590532
#80ff80,small,,45146,,Archeologie,Appingedam,Groningen,Appingedam,,,9900 AA,beschermd,6.843481889358,53.312619763353
#80ff80,small,,45147,,Archeologie,Appingedam,Groningen,Appingedam,,,9900 AA,beschermd,6.860465711798,53.310354823146
#80ff80,small,,45148,,Archeologie,Appingedam,Groningen,Appingedam,,,9900 AA,beschermd,6.874518203081,53.319285152988
#80ff80,small,,45149,,Archeologie,Appingedam,Groningen,Laskwerd,,,9900 AA,beschermd,6.843902972875,53.293554108701
#80ff80,small,,45150,,Archeologie,Appingedam,Groningen,Jukwerd,,,9900 AA,beschermd,6.845836105971,53.335183340633
#80ff80,small,,45151,,Archeologie,Appingedam,Groningen,Garreweer,,,9900 AA,beschermd,6.810751449865,53.311601050985
#80ff80,small,,45152,,Archeologie,Appingedam,Groningen,Garreweer,,,9900 AA,beschermd,6.814486358483,53.31110742447
#80ff80,small,,45153,,Archeologie,Appingedam,Groningen,Jukwerd,,,9900 AA,beschermd,6.848378864677,53.334460502124
#80ff80,small,,45154,,Archeologie,Appingedam,Groningen,Marsum,,,9900 AA,beschermd,6.873256631394,53.341452620577
#80ff80,small,,45155,,Archeologie,Appingedam,Groningen,Oling,,,9900 AA,beschermd,6.835387521577,53.31510799751
#80ff80,small,,45156,,Archeologie,Appingedam,Groningen,Oling,,,9900 AA,beschermd,6.83155162094,53.314830644326
#80ff80,small,,45157,,Archeologie,Appingedam,Groningen,Marsum,,,9900 AA,beschermd,6.876028565451,53.339108789451
#80ff80,small,,45213,,Archeologie,Franekeradeel,Friesland,Sexbierum,,,8855 ZA,beschermd,5.496594935881,53.199640677923
#80ff80,small,,45214,,Archeologie,Franekeradeel,Friesland,Sexbierum,,,8855 ZA,beschermd,5.499380024437,53.200321008032
#80ff80,small,,45215,,Archeologie,Harlingen,Friesland,Wijnaldum,,,8860 AA,beschermd,5.484289989791,53.197656479283
#80ff80,small,,45216,,Archeologie,Harlingen,Friesland,Wijnaldum,,,8860 AA,beschermd,5.478767187516,53.197040822142
#80ff80,small,,45217,,Archeologie,Harlingen,Friesland,Wijnaldum,,,8860 AA,beschermd,5.472840845372,53.196577955309
#80ff80,small,,45219,,Archeologie,Franekeradeel,Friesland,Oosterbierum,,,8854 ZA,beschermd,5.517610842779,53.236433439187
#80ff80,small,,45220,,Archeologie,Franekeradeel,Friesland,Oosterbierum,,,8854 ZA,beschermd,5.512650677373,53.235459312529
#80ff80,small,,45221,,Archeologie,Franekeradeel,Friesland,Oosterbierum,,,8854 ZA,beschermd,5.507584975254,53.234152623358
#80ff80,small,,45222,,Archeologie,Franekeradeel,Friesland,Tzummarum,,,8850 AA,beschermd,5.555993068354,53.239386714727
#80ff80,small,,45223,,Archeologie,Franekeradeel,Friesland,Tzummarum,,,8800 AA,beschermd,5.560675888133,53.241806115627
#80ff80,small,,45224,,Archeologie,Franekeradeel,Friesland,Tzummarum,,,8850 AA,beschermd,5.530992306209,53.234081909844
#80ff80,small,,45225,,Archeologie,Franekeradeel,Friesland,Tzummarum,,,8850 AA,beschermd,5.538122499352,53.234540394373
#80ff80,small,,45226,,Archeologie,Franekeradeel,Friesland,Tzummarum,,,8850 AA,beschermd,5.546479754692,53.242805224114
#80ff80,small,,45227,,Archeologie,Franekeradeel,Friesland,Tzummarum,,,8850 AA,beschermd,5.545493942801,53.243570294817
#80ff80,small,,45228,,Archeologie,Het Bildt,Friesland,Minnertsga,,,9047 ZA,beschermd,5.570214887752,53.251828714472
#80ff80,small,,45229,,Archeologie,Franekeradeel,Friesland,Firdgum,,,8800 AA,beschermd,5.561259953062,53.249209300635
#80ff80,small,,45230,,Archeologie,Franekeradeel,Friesland,Firdgum,,,8800 AA,beschermd,5.555409895748,53.247321712693
#80ff80,small,,45231,,Archeologie,Franekeradeel,Friesland,Firdgum,,,8800 AA,beschermd,5.552066831105,53.246697371027
#80ff80,small,,45232,,Archeologie,Franekeradeel,Friesland,Firdgum,,,8800 AA,beschermd,5.549490957433,53.246898563913
#80ff80,small,,45233,,Archeologie,Het Bildt,Friesland,Minnertsga,,,9047 ZA,beschermd,5.602447878552,53.253087098459
#80ff80,small,,45234,,Archeologie,Het Bildt,Friesland,Minnertsga,,,9047 ZA,beschermd,5.601335427912,53.252334309931
#80ff80,small,,45235,,Archeologie,Het Bildt,Friesland,Minnertsga,,,9047 ZA,beschermd,5.578905449358,53.245282707258
#80ff80,small,,45236,,Archeologie,Het Bildt,Friesland,Minnertsga,,,9047 ZA,beschermd,5.616623989746,53.242287240313
#80ff80,small,,45237,,Archeologie,Het Bildt,Friesland,Minnertsga,,,9047 ZA,beschermd,5.617022724442,53.241217202735
#80ff80,small,,45238,,Archeologie,Franekeradeel,Friesland,Sexbierum,,,8855 ZA,beschermd,5.489845126483,53.230700722109
#80ff80,small,,45239,,Archeologie,Franekeradeel,Friesland,Tzummarum,,,8850 AA,beschermd,5.533129615065,53.250540724873
#80ff80,small,,45240,,Archeologie,Franekeradeel,Friesland,Oosterbierum,,,8854 ZA,beschermd,5.522615105646,53.246617425677
#80ff80,small,,45241,,Archeologie,Het Bildt,Friesland,Minnertsga,,,9047 ZA,beschermd,5.577936641743,53.259948517243
#80ff80,small,,45242,,Archeologie,Franekeradeel,Friesland,Sexbierum,,,8855 ZA,beschermd,5.479967447171,53.226395729264
#80ff80,small,,45243,,Archeologie,Franekeradeel,Friesland,Firdgum,,,8800 AA,beschermd,5.562487024227,53.248866066395
#80ff80,small,,45246,,Archeologie,Franekeradeel,Friesland,Sexbierum,,,8855 ZA,beschermd,5.487458370326,53.208885853953
#80ff80,small,,45247,,Archeologie,Het Bildt,Friesland,Minnertsga,,,9047 ZA,beschermd,5.585940194875,53.260285961167
#80ff80,small,,45248,,Archeologie,Franekeradeel,Friesland,Oosterbierum,,,8855 ZA,beschermd,5.524575126637,53.231744216369
#80ff80,small,,45249,,Archeologie,Franekeradeel,Friesland,Sexbierum,,,8855 ZA,beschermd,5.571015710119,53.232311012314
#80ff80,small,,45253,,Archeologie,Appingedam,Groningen,Marsum,,,9900 AA,beschermd,6.874457102023,53.340125744061
#80ff80,small,,45254,,Archeologie,Appingedam,Groningen,Opwierde,,,9900 AA,beschermd,6.874347644954,53.313472932198
#80ff80,small,,45255,,Archeologie,Appingedam,Groningen,Solwerd,,,9900 AA,beschermd,6.869166495155,53.32382657577
#80ff80,small,,45303,,Archeologie,Delfzijl,Groningen,Uitwierde,,,9905 ZA,beschermd,6.895499557542,53.34158902542
#80ff80,small,,45304,,Archeologie,Tynaarlo,Drenthe,Midlaren,,,9470 AA,beschermd,6.681150917535,53.107390350615
#80ff80,small,,45305,,Archeologie,Delfzijl,Groningen,Biessum,,,9905 ZA,beschermd,6.891969456162,53.333383587515
#80ff80,small,,45306,,Archeologie,Delfzijl,Groningen,Weiwerd,,,9905 ZA,beschermd,6.950573906928,53.311292253053
#80ff80,small,,45307,,Archeologie,Delfzijl,Groningen,Delfzijl,,,9930 AA,beschermd,6.889164541266,53.328718681043
#80ff80,small,,45309,,Archeologie,Delfzijl,Groningen,Amsweer,,,9905 ZA,beschermd,6.903320037025,53.308240136136
#80ff80,small,,45310,,Archeologie,Delfzijl,Groningen,Amsweer,,,9905 ZA,beschermd,6.907343701717,53.306185270228
#80ff80,small,,45311,,Archeologie,Delfzijl,Groningen,Amsweer,,,9905 ZA,beschermd,6.909984591056,53.310016109614
#80ff80,small,,45313,,Archeologie,Delfzijl,Groningen,Farmsum,,,9905 ZA,beschermd,6.972465916951,53.300661621382
#80ff80,small,,45314,,Archeologie,Dongeradeel,Friesland,Foudgum,,,9100 AA,beschermd,5.940831986838,53.345254681184
#80ff80,small,,45315,,Archeologie,Dongeradeel,Friesland,Brantgum,,,9153 ZA,beschermd,5.929320406539,53.351605845898
#80ff80,small,,45316,,Archeologie,Dongeradeel,Friesland,Waaxens,,,9100 AA,beschermd,5.920532236446,53.357413705062
#80ff80,small,,45317,,Archeologie,Dongeradeel,Friesland,Waaxens,,,9100 AA,beschermd,5.917875316005,53.357533282195
#80ff80,small,,45318,,Archeologie,Dongeradeel,Friesland,Waaxens,,,9100 AA,beschermd,5.9151011146,53.36156191075
#80ff80,small,,45319,,Archeologie,Dongeradeel,Friesland,Oostrum,,,9100 AA,beschermd,6.062010801119,53.332316598772
#80ff80,small,,45320,,Archeologie,Dongeradeel,Friesland,Hantum,,,9147 ZA,beschermd,5.962232288089,53.362415051087
#80ff80,small,,45321,,Archeologie,Dongeradeel,Friesland,Bornwird,,,9100 AA,beschermd,5.931411787792,53.334101942288
#80ff80,small,,45322,,Archeologie,Dongeradeel,Friesland,Bornwird,,,9100 AA,beschermd,5.95364751615,53.33443052174
#80ff80,small,,45323,,Archeologie,Dongeradeel,Friesland,Hiaure,,,9100 AA,beschermd,5.972655504619,53.347961280957
#80ff80,small,,45324,,Archeologie,Dongeradeel,Friesland,Bornwird,,,9100 AA,beschermd,5.979236360711,53.336230099808
#80ff80,small,,45325,,Archeologie,Dongeradeel,Friesland,Hantumeruitburen,,,9100 AA,beschermd,5.988490770874,53.355017507841
#80ff80,small,,45326,,Archeologie,Dongeradeel,Friesland,Hantum,,,9147 ZA,beschermd,6.00137853092,53.35936418273
#80ff80,small,,45327,,Archeologie,Dongeradeel,Friesland,Hantumhuizen,,,9100 AA,beschermd,5.996967332874,53.372415334269
#80ff80,small,,45328,,Archeologie,Dongeradeel,Friesland,Nes,,,9100 AA,beschermd,6.030141653065,53.385495915338
#80ff80,small,,45331,,Archeologie,Dongeradeel,Friesland,Holwerd,,,9150 AA,beschermd,5.907018762542,53.347777744867
#80ff80,small,,45369,,Archeologie,Emmen,Drenthe,Westenesch,,,7800 AA,beschermd,6.870302338954,52.795942372543
#80ff80,small,,45370,,Archeologie,Emmen,Drenthe,Westenesch,,,7800 AA,beschermd,6.872218342507,52.787730424023
#80ff80,small,,45371,,Archeologie,Emmen,Drenthe,Emmen,,,7800 AA,beschermd,6.887430089992,52.793382066801
#80ff80,small,,45372,,Archeologie,Emmen,Drenthe,Emmen,,,7800 AA,beschermd,6.885710882973,52.79990204816
#80ff80,small,,45373,,Archeologie,Emmen,Drenthe,Emmen,,,7800 AA,beschermd,6.885086158961,52.799846986859
#80ff80,small,,45374,,Archeologie,Emmen,Drenthe,Emmen,,,7800 AA,beschermd,6.907753178569,52.791524551696
#80ff80,small,,45375,,Archeologie,Emmen,Drenthe,Emmen,,,7800 AA,beschermd,6.93779653197,52.781178455074
#80ff80,small,,45376,,Archeologie,Emmen,Drenthe,Emmen,,,7800 AA,beschermd,6.93584429785,52.78381940507
#80ff80,small,,45377,,Archeologie,Emmen,Drenthe,Emmen,,,7800 AA,beschermd,6.928436395,52.794889980957
#80ff80,small,,45378,,Archeologie,Emmen,Drenthe,Emmen,,,7800 AA,beschermd,6.929927099456,52.797639027204
#80ff80,small,,45379,,Archeologie,Emmen,Drenthe,Emmen,,,7800 AA,beschermd,6.922817412025,52.802099080472
#80ff80,small,,45380,,Archeologie,Emmen,Drenthe,Emmen,,,7800 AA,beschermd,6.911478357783,52.800572886182
#80ff80,small,,45381,,Archeologie,Emmen,Drenthe,Emmen,,,7800 AA,beschermd,6.906566462441,52.80475214722
#80ff80,small,,45382,,Archeologie,Emmen,Drenthe,Emmen,,,7800 AA,beschermd,6.909853158333,52.804584363747
#80ff80,small,,45383,,Archeologie,Emmen,Drenthe,Emmen,,,7800 AA,beschermd,6.887594210482,52.811149316869
#80ff80,small,,45384,,Archeologie,Emmen,Drenthe,Emmen,,,7800 AA,beschermd,6.885001868914,52.813851358258
#80ff80,small,,45385,,Archeologie,Emmen,Drenthe,Emmen,,,7800 AA,beschermd,6.889175943876,52.813151693265
#80ff80,small,,45386,,Archeologie,Emmen,Drenthe,Emmen,,,7800 AA,beschermd,6.885077452504,52.818658979172
#80ff80,small,,45387,,Archeologie,Emmen,Drenthe,Emmen,,,7800 AA,beschermd,6.882739089156,52.821429672569
#80ff80,small,,45388,,Archeologie,Emmen,Drenthe,Emmen,,,7800 AA,beschermd,6.885418348518,52.819948963293
#80ff80,small,,45389,,Archeologie,Borger-Odoorn,Drenthe,Valthe,,,7872 ZA,beschermd,6.892858728292,52.823180764406
#80ff80,small,,45390,,Archeologie,Emmen,Drenthe,Emmen,,,7800 AA,beschermd,6.969305531,52.783487559063
#80ff80,small,,45391,,Archeologie,Emmen,Drenthe,Nieuw-Dordrecht,,,7800 AA,beschermd,6.984918778222,52.755945812833
#80ff80,small,,45393,,Archeologie,Tynaarlo,Drenthe,Schelfhorst,,,9760 NA,beschermd,6.546553044668,53.157674011706
#80ff80,small,,45394,,Archeologie,Tynaarlo,Drenthe,Eelde,,,9760 NA,beschermd,6.582961059307,53.140430491875
#80ff80,small,,45395,,Archeologie,Tynaarlo,Drenthe,Eelde,,,9760 NA,beschermd,6.565059600142,53.126786343957
#80ff80,small,,45396,,Archeologie,Tynaarlo,Drenthe,Eelde,,,9760 NA,beschermd,6.598619224057,53.135465353309
#80ff80,small,,45399,,Archeologie,Tynaarlo,Drenthe,Midlaren,,,9470 AA,beschermd,6.655585530111,53.102334628169
#80ff80,small,,45452,,Archeologie,Tynaarlo,Drenthe,Midlaren,,,9470 AA,beschermd,6.67157811773,53.107385550156
#80ff80,small,,45619,,Archeologie,Bedum,Groningen,Zuidwolde,,,9785 ZA,beschermd,6.573015201255,53.25642767356
#80ff80,small,,45620,,Archeologie,Bedum,Groningen,Zuidwolde,,,9785 ZA,beschermd,6.573809593286,53.260796144605
#80ff80,small,,45621,,Archeologie,Groningen,Groningen,Dorkwerd,,,9700 AA,beschermd,6.520847716809,53.2385726797
#80ff80,small,,46014,,Archeologie,Terschelling,Friesland,Midsland,,,8880 AA,beschermd,5.267541116648,53.377765392125
#80ff80,small,,46015,,Archeologie,Terschelling,Friesland,Midsland,,,8880 AA,beschermd,5.2837210875,53.3790292937
#80ff80,small,,46016,,Archeologie,Terschelling,Friesland,Formerum,,,8880 AA,beschermd,5.311095982128,53.389400437529
#80ff80,small,,46017,,Archeologie,Terschelling,Friesland,Lies,,,8880 AA,beschermd,5.330765566704,53.393041183633
#80ff80,small,,45507,,Archeologie,Ferwerderadiel,Friesland,Hallum,,,9074 ZA,beschermd,5.751736319458,53.297554912329
#80ff80,small,,45508,,Archeologie,Ferwerderadiel,Friesland,Hallum,,,9074 ZA,beschermd,5.765551618655,53.308034061248
#80ff80,small,,45509,,Archeologie,Ferwerderadiel,Friesland,Hallum,,,9074 ZA,beschermd,5.768132765829,53.314917664382
#80ff80,small,,45510,,Archeologie,Ferwerderadiel,Friesland,Hallum,,,9074 ZA,beschermd,5.77759680218,53.321141077574
#80ff80,small,,45511,,Archeologie,Ferwerderadiel,Friesland,Ferwert,,,9172 ZA,beschermd,5.802270253783,53.340134187087
#80ff80,small,,45512,,Archeologie,Ferwerderadiel,Friesland,Ferwert,,,9172 ZA,beschermd,5.796699286092,53.327385197324
#80ff80,small,,45513,,Archeologie,Ferwerderadiel,Friesland,Ferwert,,,9172 ZA,beschermd,5.798812869586,53.32868084714
#80ff80,small,,45514,,Archeologie,Ferwerderadiel,Friesland,Ferwert,,,9172 ZA,beschermd,5.808793021561,53.333192818374
#80ff80,small,,45515,,Archeologie,Ferwerderadiel,Friesland,Ferwert,,,9172 ZA,beschermd,5.797392066178,53.33866836137
#80ff80,small,,45516,,Archeologie,Ferwerderadiel,Friesland,Ferwert,,,9172 ZA,beschermd,5.803490525678,53.34057024595
#80ff80,small,,45517,,Archeologie,Ferwerderadiel,Friesland,Ferwert,,,9172 ZA,beschermd,5.831247511334,53.350525441953
#80ff80,small,,45518,,Archeologie,Ferwerderadiel,Friesland,Blije,,,9170 AA,beschermd,5.854402701857,53.354624831736
#80ff80,small,,45519,,Archeologie,Ferwerderadiel,Friesland,Blije,,,9170 AA,beschermd,5.856335777575,53.356989412261
#80ff80,small,,45520,,Archeologie,Ferwerderadiel,Friesland,Ferwert,,,9172 ZA,beschermd,5.872304346196,53.354625828608
#80ff80,small,,45521,,Archeologie,Ferwerderadiel,Friesland,Ferwert,,,9172 ZA,beschermd,5.877437102754,53.346410436252
#80ff80,small,,45522,,Archeologie,Ferwerderadiel,Friesland,Ferwert,,,9172 ZA,beschermd,5.867813258723,53.338425417191
#80ff80,small,,45523,,Archeologie,Ferwerderadiel,Friesland,Hegebeintum,,,9073 ZA,beschermd,5.850143756952,53.337048125234
#80ff80,small,,45524,,Archeologie,Ferwerderadiel,Friesland,Lichtaard,,,9073 ZA,beschermd,5.904181863037,53.329109462767
#80ff80,small,,45525,,Archeologie,Ferwerderadiel,Friesland,Lichtaard,,,9073 ZA,beschermd,5.913215623952,53.326500452137
#80ff80,small,,45526,,Archeologie,Ferwerderadiel,Friesland,Reitsum,,,9073 ZA,beschermd,5.889411118534,53.321246989715
#80ff80,small,,45527,,Archeologie,Ferwerderadiel,Friesland,Ginnum,,,9073 ZA,beschermd,5.875161733152,53.323174645465
#80ff80,small,,45528,,Archeologie,Ferwerderadiel,Friesland,Jislum,,,9073 ZA,beschermd,5.877622687093,53.312606803374
#80ff80,small,,45529,,Archeologie,Ferwerderadiel,Friesland,WÔnswert,,,9073 ZA,beschermd,5.870321901627,53.295734800448
#80ff80,small,,45530,,Archeologie,Ferwerderadiel,Friesland,WÔnswert,,,9073 ZA,beschermd,5.849683664672,53.301189312382
#80ff80,small,,45531,,Archeologie,Ferwerderadiel,Friesland,WÔnswert,,,9073 ZA,beschermd,5.841828154311,53.304436071976
#80ff80,small,,45532,,Archeologie,Ferwerderadiel,Friesland,Ferwert,,,9172 ZA,beschermd,5.836014734965,53.319499450972
#80ff80,small,,45533,,Archeologie,Ferwerderadiel,Friesland,Ferwert,,,9172 ZA,beschermd,5.839969381291,53.32883835777
#80ff80,small,,45534,,Archeologie,Ferwerderadiel,Friesland,Marrum,,,9073 ZA,beschermd,5.807564537628,53.318056856694
#80ff80,small,,45535,,Archeologie,Ferwerderadiel,Friesland,Hallum,,,9074 ZA,beschermd,5.796319301622,53.312659532843
#80ff80,small,,45536,,Archeologie,Ferwerderadiel,Friesland,Hallum,,,9074 ZA,beschermd,5.805165651762,53.295053671819
#80ff80,small,,45569,,Archeologie,Tynaarlo,Drenthe,Midlaren,,,9470 AA,beschermd,6.65150191432,53.10721273167
#80ff80,small,,45583,,Archeologie,Delfzijl,Groningen,Holwierde,,,9905 ZA,beschermd,6.870156467741,53.356947665703
#80ff80,small,,45584,,Archeologie,Delfzijl,Groningen,Holwierde,,,9905 ZA,beschermd,6.875171521842,53.358629097645
#80ff80,small,,45585,,Archeologie,Delfzijl,Groningen,Nansum,,,9905 ZA,beschermd,6.887154823012,53.358084835082
#80ff80,small,,45586,,Archeologie,Delfzijl,Groningen,Bierum,,,9906 ZA,beschermd,6.892979832978,53.357131366868
#80ff80,small,,45587,,Archeologie,Delfzijl,Groningen,Bierum,,,9906 ZA,beschermd,6.887027702559,53.366938105694
#80ff80,small,,45588,,Archeologie,Delfzijl,Groningen,Oldenklooster,,,9905 ZA,beschermd,6.853842567754,53.364408755404
#80ff80,small,,45589,,Archeologie,Delfzijl,Groningen,Godlinze,,,9905 ZA,beschermd,6.81338105089,53.371563176102
#80ff80,small,,45590,,Archeologie,Delfzijl,Groningen,Bierum,,,9906 ZA,beschermd,6.846654192941,53.345148402898
#80ff80,small,,45591,,Archeologie,Delfzijl,Groningen,Bierum,,,9906 ZA,beschermd,6.847204864666,53.355188566866
#80ff80,small,,45592,,Archeologie,Delfzijl,Groningen,Bierum,,,9906 ZA,beschermd,6.835787307746,53.390382415163
#80ff80,small,,45593,,Archeologie,Delfzijl,Groningen,Bierum,,,9906 ZA,beschermd,6.861186970107,53.380575381189
#80ff80,small,,45594,,Archeologie,Zuidhorn,Groningen,Selwerd,,,9800 AA,beschermd,6.543818812637,53.244482175083
#80ff80,small,,45595,,Archeologie,Groningen,Groningen,Groningen,,,9700 AA,beschermd,6.546978658238,53.246671299595
#80ff80,small,,45596,,Archeologie,Groningen,Groningen,Groningen,,,9700 AA,beschermd,6.534960945833,53.255602312678
#80ff80,small,,45597,,Archeologie,Zuidhorn,Groningen,Selwerd,,,9800 AA,beschermd,6.542116022273,53.25251431966
#80ff80,small,,45598,,Archeologie,Zuidhorn,Groningen,Selwerd,,,9800 AA,beschermd,6.538524828133,53.243706329505
#80ff80,small,,45599,,Archeologie,Groningen,Groningen,Noorddijk,,,9700 AA,beschermd,6.587413709272,53.239093745632
#80ff80,small,,45600,,Archeologie,Groningen,Groningen,Leegkerk,,,9700 AA,beschermd,6.487316051093,53.229395230116
#80ff80,small,,45601,,Archeologie,Groningen,Groningen,Leegkerk,,,9700 AA,beschermd,6.488795771997,53.229282807976
#80ff80,small,,45602,,Archeologie,Groningen,Groningen,Leegkerk,,,9700 AA,beschermd,6.490552551707,53.229464366967
#80ff80,small,,45603,,Archeologie,Groningen,Groningen,Leegkerk,,,9700 AA,beschermd,6.490450292414,53.227218743314
#80ff80,small,,45604,,Archeologie,Groningen,Groningen,Leegkerk,,,9700 AA,beschermd,6.492129881191,53.226727018865
#80ff80,small,,45605,,Archeologie,Groningen,Groningen,Leegkerk,,,9700 AA,beschermd,6.492321825525,53.225449201904
#80ff80,small,,45606,,Archeologie,Groningen,Groningen,Leegkerk,,,9700 AA,beschermd,6.499370429181,53.229356014947
#80ff80,small,,45607,,Archeologie,Groningen,Groningen,Leegkerk,,,9700 AA,beschermd,6.494982673539,53.235785819796
#80ff80,small,,45608,,Archeologie,Groningen,Groningen,Leegkerk,,,9700 AA,beschermd,6.494512921754,53.237326800918
#80ff80,small,,45609,,Archeologie,Groningen,Groningen,Leegkerk,,,9700 AA,beschermd,6.494639163453,53.23816135586
#80ff80,small,,45610,,Archeologie,Groningen,Groningen,Leegkerk,,,9700 AA,beschermd,6.495601259983,53.238296254998
#80ff80,small,,45611,,Archeologie,Groningen,Groningen,Leegkerk,,,9700 AA,beschermd,6.495468563533,53.23896246142
#80ff80,small,,45612,,Archeologie,Groningen,Groningen,Leegkerk,,,9700 AA,beschermd,6.495322965565,53.240293767439
#80ff80,small,,45613,,Archeologie,Groningen,Groningen,Leegkerk,,,9700 AA,beschermd,6.494095634305,53.240332050326
#80ff80,small,,45614,,Archeologie,Groningen,Groningen,Leegkerk,,,9700 AA,beschermd,6.498276445269,53.240392272352
#80ff80,small,,45615,,Archeologie,Groningen,Groningen,Groningen,,,9700 AA,beschermd,6.501157458063,53.241165344674
#80ff80,small,,45616,,Archeologie,Groningen,Groningen,Groningen,,,9700 AA,beschermd,6.501598612517,53.24374928358
#80ff80,small,,45617,,Archeologie,Groningen,Groningen,Dorkwerd,,,9700 AA,beschermd,6.512081080413,53.250499017676
#80ff80,small,,45618,,Archeologie,Groningen,Groningen,Groningen,,,9700 AA,beschermd,6.500650740059,53.240684789586
#80ff80,small,,45655,,Archeologie,Menameradiel,Friesland,Marssum,,,9034 ZA,beschermd,5.727674459973,53.209558613348
#80ff80,small,,45656,,Archeologie,Menameradiel,Friesland,Deinum,,,9033 ZA,beschermd,5.723130210575,53.192983904436
#80ff80,small,,45657,,Archeologie,Menameradiel,Friesland,Boksum,,,9033 ZA,beschermd,5.731416381025,53.179481847513
#80ff80,small,,45658,,Archeologie,Menameradiel,Friesland,Boksum,,,9033 ZA,beschermd,5.726964160674,53.176313601168
#80ff80,small,,45659,,Archeologie,Menameradiel,Friesland,Boksum,,,9033 ZA,beschermd,5.734179051186,53.177065707998
#80ff80,small,,45660,,Archeologie,Menameradiel,Friesland,Blessum,,,9033 ZA,beschermd,5.710384885386,53.181265647616
#80ff80,small,,45661,,Archeologie,Menameradiel,Friesland,Dronrijp,,,9035 ZA,beschermd,5.638218242162,53.184673331055
#80ff80,small,,45662,,Archeologie,Menameradiel,Friesland,Dronrijp,,,9035 ZA,beschermd,5.646686672046,53.202401960782
#80ff80,small,,45663,,Archeologie,Menameradiel,Friesland,Menaldum,,,9036 ZA,beschermd,5.658077249463,53.209906718997
#80ff80,small,,45664,,Archeologie,Menameradiel,Friesland,Menaldum,,,9036 ZA,beschermd,5.662294586217,53.216402693045
#80ff80,small,,45665,,Archeologie,Menameradiel,Friesland,Menaldum,,,9036 ZA,beschermd,5.672278391086,53.216226624385
#80ff80,small,,45666,,Archeologie,Menameradiel,Friesland,Menaldum,,,9036 ZA,beschermd,5.648548329336,53.215768500082
#80ff80,small,,45667,,Archeologie,Menameradiel,Friesland,Menaldum,,,9036 ZA,beschermd,5.644456073554,53.212326880709
#80ff80,small,,45668,,Archeologie,Menameradiel,Friesland,Slappeterp,,,9033 ZA,beschermd,5.631207599445,53.217395480605
#80ff80,small,,45669,,Archeologie,Menameradiel,Friesland,Slappeterp,,,9033 ZA,beschermd,5.620169529923,53.213697400119
#80ff80,small,,45671,,Archeologie,Menameradiel,Friesland,Slappeterp,,,9033 ZA,beschermd,5.625328813667,53.215502354439
#80ff80,small,,45672,,Archeologie,Menameradiel,Friesland,Schingen,,,9033 ZA,beschermd,5.616859736635,53.202121345336
#80ff80,small,,45673,,Archeologie,Menameradiel,Friesland,Schingen,,,9033 ZA,beschermd,5.616411081724,53.199354632483
#80ff80,small,,45674,,Archeologie,Menameradiel,Friesland,Schingen,,,9033 ZA,beschermd,5.609737093475,53.199349234693
#80ff80,small,,45675,,Archeologie,Franekeradeel,Friesland,Ried,,,8810 AA,beschermd,5.60349323257,53.228482922788
#80ff80,small,,45676,,Archeologie,Menameradiel,Friesland,Berlikum,,,9040 AA,beschermd,5.614305908176,53.231589904049
#80ff80,small,,45677,,Archeologie,Menameradiel,Friesland,Berlikum,,,9040 AA,beschermd,5.63128248398,53.238601214348
#80ff80,small,,45678,,Archeologie,Menameradiel,Friesland,Wier,,,9033 ZA,beschermd,5.626563765138,53.243867241135
#80ff80,small,,45679,,Archeologie,Menameradiel,Friesland,Wier,,,9033 ZA,beschermd,5.626288311011,53.250930381905
#80ff80,small,,45680,,Archeologie,Menameradiel,Friesland,Wier,,,9033 ZA,beschermd,5.621391912542,53.251425253029
#80ff80,small,,45681,,Archeologie,Menameradiel,Friesland,Beetgum,,,9044 ZA,beschermd,5.687038532149,53.23777396669
#80ff80,small,,45682,,Archeologie,Menameradiel,Friesland,Beetgum,,,9044 ZA,beschermd,5.684565023284,53.235273157187
#80ff80,small,,45683,,Archeologie,Menameradiel,Friesland,Beetgum,,,9044 ZA,beschermd,5.679826012661,53.22990246565
#80ff80,small,,45684,,Archeologie,Menameradiel,Friesland,Beetgum,,,9044 ZA,beschermd,5.664422183946,53.230693834471
#80ff80,small,,45686,,Archeologie,Menameradiel,Friesland,Berlikum,,,9040 AA,beschermd,5.653335233786,53.237089685112
#80ff80,small,,45691,,Archeologie,Leeuwarden,Friesland,Leeuwarden,,,8900 AA,beschermd,5.832538701426,53.228516310793
#80ff80,small,,45692,,Archeologie,Leeuwarden,Friesland,Leeuwarden,,,8900 AA,beschermd,5.803120161246,53.180898924727
#80ff80,small,,45693,,Archeologie,Leeuwarden,Friesland,Leeuwarden,,,8900 AA,beschermd,5.841577566063,53.172438510112
#80ff80,small,,45694,,Archeologie,Leeuwarden,Friesland,Wirdum,,,9088 ZA,beschermd,5.783094132135,53.150100542622
#80ff80,small,,45695,,Archeologie,Leeuwarden,Friesland,Wirdum,,,9088 ZA,beschermd,5.785392306885,53.133442134136
#80ff80,small,,45696,,Archeologie,Leeuwarden,Friesland,Wirdum,,,9088 ZA,beschermd,5.781841822659,53.129131671919
#80ff80,small,,45721,,Archeologie,Ten Boer,Groningen,Ten Boer,,,9790 AA,beschermd,6.69186064739,53.275657196795
#80ff80,small,,45722,,Archeologie,Ten Boer,Groningen,Ten Boer,,,9790 AA,beschermd,6.715695354787,53.295040234909
#80ff80,small,,45723,,Archeologie,Ten Boer,Groningen,Ten Post,,,9792 ZA,beschermd,6.708901212423,53.307776953626
#80ff80,small,,45724,,Archeologie,Ten Boer,Groningen,Ten Post,,,9792 ZA,beschermd,6.709680775296,53.30922416404
#80ff80,small,,45725,,Archeologie,Ten Boer,Groningen,Ten Boer,,,9790 AA,beschermd,6.733467744918,53.307486265272
#80ff80,small,,45726,,Archeologie,Ten Boer,Groningen,Ten Boer,,,9790 AA,beschermd,6.740953386339,53.302675319656
#80ff80,small,,45727,,Archeologie,Ten Boer,Groningen,Ten Boer,,,9790 AA,beschermd,6.734595860874,53.293176248025
#80ff80,small,,45728,,Archeologie,Ten Boer,Groningen,Wittewierum,,,9790 AA,beschermd,6.748732989055,53.286798229909
#80ff80,small,,45729,,Archeologie,Ten Boer,Groningen,Ten Boer,,,9790 AA,beschermd,6.730412738813,53.270586208742
#80ff80,small,,45730,,Archeologie,Ten Boer,Groningen,Thesinge,,,9797 ZA,beschermd,6.651113897954,53.269577801182
#80ff80,small,,45745,,Archeologie,Loppersum,Groningen,Loppersum,,,9919 ZA,beschermd,6.747527187387,53.337953444478
#80ff80,small,,45746,,Archeologie,Loppersum,Groningen,Wirdum,,,9917 ZA,beschermd,6.784988768303,53.322732127972
#80ff80,small,,45747,,Archeologie,Loppersum,Groningen,Loppersum,,,9919 ZA,beschermd,6.797780507222,53.323777886368
#80ff80,small,,45748,,Archeologie,Loppersum,Groningen,Loppersum,,,9919 ZA,beschermd,6.75060281363,53.304678025528
#80ff80,small,,45749,,Archeologie,Loppersum,Groningen,Loppersum,,,9919 ZA,beschermd,6.728984786949,53.318670504028
#80ff80,small,,45751,,Archeologie,Loppersum,Groningen,Wirdum,,,9917 ZA,beschermd,6.783794595253,53.324785926256
#80ff80,small,,45752,,Archeologie,Loppersum,Groningen,Eekwerderdraai,,,9914 ZA,beschermd,6.801362442783,53.314470754077
#80ff80,small,,45753,,Archeologie,Loppersum,Groningen,Eekwerderdraai,,,9914 ZA,beschermd,6.802559596367,53.315283417083
#80ff80,small,,45754,,Archeologie,Loppersum,Groningen,Eekwerderdraai,,,9914 ZA,beschermd,6.803418460025,53.315390123488
#80ff80,small,,45763,,Archeologie,Loppersum,Groningen,Toornwerd,,,9914 ZA,beschermd,6.63800801719,53.352666805926
#80ff80,small,,45764,,Archeologie,Loppersum,Groningen,Westerwijtwerd,,,9914 ZA,beschermd,6.648762203984,53.337826202597
#80ff80,small,,45765,,Archeologie,Loppersum,Groningen,Middelstum,,,9990 AA,beschermd,6.638602607417,53.331785853383
#80ff80,small,,45766,,Archeologie,Loppersum,Groningen,Middelstum,,,9990 AA,beschermd,6.626144005614,53.317204552555
#80ff80,small,,45767,,Archeologie,Loppersum,Groningen,Fraamklap,,,9914 ZA,beschermd,6.611328541348,53.337134833707
#80ff80,small,,45768,,Archeologie,Loppersum,Groningen,Middelstum,,,9990 AA,beschermd,6.673319318609,53.357254697517
#80ff80,small,,45769,,Archeologie,Loppersum,Groningen,Huizinge,,,9914 ZA,beschermd,6.67131010713,53.345288646398
#80ff80,small,,45770,,Archeologie,Loppersum,Groningen,Middelstum,,,9990 AA,beschermd,6.645996093872,53.353113636914
#80ff80,small,,45771,,Archeologie,Loppersum,Groningen,Huizinge,,,9914 ZA,beschermd,6.678058309547,53.346986667593
#80ff80,small,,45772,,Archeologie,Loppersum,Groningen,Middelstum,,,9990 AA,beschermd,6.642558619749,53.348027489378
#80ff80,small,,45773,,Archeologie,Loppersum,Groningen,Middelstum,,,9990 AA,beschermd,6.608911631823,53.348787401087
#80ff80,small,,45774,,Archeologie,Loppersum,Groningen,Middelstum,,,9990 AA,beschermd,6.617983051405,53.337785783524
#80ff80,small,,45775,,Archeologie,Loppersum,Groningen,Westerwijtwerd,,,9914 ZA,beschermd,6.656025003238,53.330560833351
#80ff80,small,,45776,,Archeologie,Loppersum,Groningen,Westerwijtwerd,,,9914 ZA,beschermd,6.670904715623,53.330178205595
#80ff80,small,,45870,,Archeologie,Ooststellingwerf,Friesland,Waskemeer,,,8434 ZA,beschermd,6.309160809219,53.04994828816
#80ff80,small,,45871,,Archeologie,Ooststellingwerf,Friesland,Waskemeer,,,8434 ZA,beschermd,6.305045492974,53.049278977523
#80ff80,small,,45872,,Archeologie,Ooststellingwerf,Friesland,Waskemeer,,,8434 ZA,beschermd,6.289258869233,53.047430987385
#80ff80,small,,45873,,Archeologie,Ooststellingwerf,Friesland,Donkerbroek,,,8435 ZA,beschermd,6.27267735829,53.036510420312
#80ff80,small,,45874,,Archeologie,Ooststellingwerf,Friesland,Oosterwolde,,,8430 AA,beschermd,6.319102868999,53.017025271555
#80ff80,small,,45875,,Archeologie,Ooststellingwerf,Friesland,Donkerbroek,,,8435 ZA,beschermd,6.263998775453,53.011295158003
#80ff80,small,,45877,,Archeologie,Ooststellingwerf,Friesland,Oosterwolde,,,8430 AA,beschermd,6.248834983373,52.99271325769
#80ff80,small,,45878,,Archeologie,Ooststellingwerf,Friesland,Langedijke,,,8420 AA,beschermd,6.261177858648,52.971747628544
#80ff80,small,,45879,,Archeologie,Ooststellingwerf,Friesland,Twijtel,,,8420 AA,beschermd,6.185021786773,52.982471153269
#80ff80,small,,45880,,Archeologie,Dongeradeel,Friesland,Dokkum,,,9100 AA,beschermd,6.028635299948,53.328824267399
#80ff80,small,,45881,,Archeologie,Dongeradeel,Friesland,Oostrum,,,9100 AA,beschermd,6.052562014204,53.3328275258
#80ff80,small,,45882,,Archeologie,Dongeradeel,Friesland,Oostrum,,,9100 AA,beschermd,6.058135952427,53.334108423946
#80ff80,small,,45884,,Archeologie,Dongeradeel,Friesland,Oostrum,,,9100 AA,beschermd,6.064953461969,53.338077698029
#80ff80,small,,45885,,Archeologie,Dongeradeel,Friesland,Jouswier,,,9100 AA,beschermd,6.077450029979,53.342202811091
#80ff80,small,,45886,,Archeologie,Dongeradeel,Friesland,Jouswier,,,9100 AA,beschermd,6.078438415896,53.342044380137
#80ff80,small,,45887,,Archeologie,Dongeradeel,Friesland,Jouswier,,,9100 AA,beschermd,6.079593265891,53.344769312393
#80ff80,small,,45888,,Archeologie,Dongeradeel,Friesland,Jouswier,,,9100 AA,beschermd,6.073485849722,53.349710373238
#80ff80,small,,45889,,Archeologie,Dongeradeel,Friesland,Niawier,,,9100 AA,beschermd,6.041352111024,53.362684652209
#80ff80,small,,45890,,Archeologie,Dongeradeel,Friesland,Metslawier,,,9123 ZA,beschermd,6.058959360086,53.361877756844
#80ff80,small,,45891,,Archeologie,Dongeradeel,Friesland,Oosternijkerk,,,9137 ZA,beschermd,6.034316278198,53.380271053172
#80ff80,small,,45892,,Archeologie,Dongeradeel,Friesland,Aalsum,,,9100 AA,beschermd,6.002906130586,53.339103345689
#80ff80,small,,45893,,Archeologie,Dongeradeel,Friesland,Aalsum,,,9100 AA,beschermd,6.000084548453,53.344437114756
#80ff80,small,,45894,,Archeologie,Dongeradeel,Friesland,Aalsum,,,9100 AA,beschermd,6.019758891743,53.341711481265
#80ff80,small,,45895,,Archeologie,Dongeradeel,Friesland,Wetsens,,,9100 AA,beschermd,6.033207663375,53.346474124178
#80ff80,small,,45896,,Archeologie,Dongeradeel,Friesland,Morra,,,9100 AA,beschermd,6.092416236878,53.36128189627
#80ff80,small,,45897,,Archeologie,Dongeradeel,Friesland,Anjum,,,9133 ZA,beschermd,6.102541371802,53.357735759055
#80ff80,small,,45898,,Archeologie,Dongeradeel,Friesland,Lioessens,,,9134 ZA,beschermd,6.105512336332,53.382760330955
#80ff80,small,,45899,,Archeologie,Dongeradeel,Friesland,Anjum,,,9133 ZA,beschermd,6.111996778251,53.382299131578
#80ff80,small,,45900,,Archeologie,Dongeradeel,Friesland,Anjum,,,9133 ZA,beschermd,6.110072333907,53.376883549506
#80ff80,small,,45901,,Archeologie,Dongeradeel,Friesland,Anjum,,,9133 ZA,beschermd,6.128159184381,53.38009810508
#80ff80,small,,45902,,Archeologie,Dongeradeel,Friesland,Anjum,,,9133 ZA,beschermd,6.135646170406,53.375972394885
#80ff80,small,,45903,,Archeologie,Dongeradeel,Friesland,Anjum,,,9133 ZA,beschermd,6.142982200895,53.378729977
#80ff80,small,,45904,,Archeologie,Dongeradeel,Friesland,Anjum,,,9133 ZA,beschermd,6.137693642436,53.373614449179
#80ff80,small,,45905,,Archeologie,Dongeradeel,Friesland,Anjum,,,9133 ZA,beschermd,6.131409468489,53.370796129768
#80ff80,small,,45906,,Archeologie,Dongeradeel,Friesland,Anjum,,,9133 ZA,beschermd,6.132831615089,53.365297231001
#80ff80,small,,45907,,Archeologie,Dongeradeel,Friesland,Ezumazijl,,,9100 AA,beschermd,6.144455645348,53.361702317424
#80ff80,small,,45908,,Archeologie,Dongeradeel,Friesland,Ezumazijl,,,9100 AA,beschermd,6.143618529902,53.36107860335
#80ff80,small,,45909,,Archeologie,Dongeradeel,Friesland,Anjum,,,9130 AA,beschermd,6.136416665093,53.344284905613
#80ff80,small,,45910,,Archeologie,Dongeradeel,Friesland,Ee,,,9130 AA,beschermd,6.123914085758,53.338422745881
#80ff80,small,,45911,,Archeologie,Dongeradeel,Friesland,Ee,,,9130 AA,beschermd,6.110864600498,53.338223449723
#80ff80,small,,45912,,Archeologie,Dongeradeel,Friesland,Engwierum,,,9132 ZA,beschermd,6.131952302066,53.325766519567
#80ff80,small,,45913,,Archeologie,Dongeradeel,Friesland,Engwierum,,,9132 ZA,beschermd,6.136879690781,53.319131497614
#80ff80,small,,45914,,Archeologie,Dongeradeel,Friesland,Engwierum,,,9132 ZA,beschermd,6.105366627797,53.328120766949
#80ff80,small,,45915,,Archeologie,Dongeradeel,Friesland,Ee,,,9130 AA,beschermd,6.096375025496,53.334437045995
#80ff80,small,,45916,,Archeologie,Dongeradeel,Friesland,Morra,,,9100 AA,beschermd,6.073777804128,53.36613401893
#80ff80,small,,45918,,Archeologie,Dongeradeel,Friesland,Ee,,,9130 AA,beschermd,6.088749950184,53.32987222607
#80ff80,small,,45919,,Archeologie,Dongeradeel,Friesland,Ee,,,9130 AA,beschermd,6.085108657317,53.326541828937
#80ff80,small,,45920,,Archeologie,Dongeradeel,Friesland,Oosternijkerk,,,9137 ZA,beschermd,6.071520213895,53.38853834467
#80ff80,small,,45921,,Archeologie,Dongeradeel,Friesland,Paesens,,,9136 ZA,beschermd,6.091759638906,53.397325976722
#80ff80,small,,45922,,Archeologie,Dongeradeel,Friesland,Lioessens,,,9134 ZA,beschermd,6.089690692462,53.385711083136
#80ff80,small,,45923,,Archeologie,Dongeradeel,Friesland,Paesens,,,9136 ZA,beschermd,6.096900499678,53.395471754689
#80ff80,small,,45924,,Archeologie,Dongeradeel,Friesland,Engwierum,,,9132 ZA,beschermd,6.125929926695,53.329910074028
#80ff80,small,,45973,,Archeologie,Loppersum,Groningen,Stedum,,,9920 AA,beschermd,6.696181078734,53.322195415987
#80ff80,small,,45974,,Archeologie,Loppersum,Groningen,Stedum,,,9920 AA,beschermd,6.688467739337,53.33166980045
#80ff80,small,,45975,,Archeologie,Loppersum,Groningen,Westeremden,,,9922 ZA,beschermd,6.711702658004,53.343772149701
#80ff80,small,,45976,,Archeologie,Loppersum,Groningen,Stedum,,,9920 AA,beschermd,6.713801657436,53.368523964552
#80ff80,small,,45977,,Archeologie,Loppersum,Groningen,Stedum,,,9920 AA,beschermd,6.714672950722,53.367058593664
#80ff80,small,,45978,,Archeologie,Loppersum,Groningen,Stedum,,,9920 AA,beschermd,6.711700426662,53.333446971235
#80ff80,small,,45979,,Archeologie,Loppersum,Groningen,Stedum,,,9920 AA,beschermd,6.696404349118,53.312748391463
#80ff80,small,,45980,,Archeologie,Loppersum,Groningen,Lutjewijtwerd,,,9914 ZA,beschermd,6.696192142371,53.310207577319
#80ff80,small,,45981,,Archeologie,Loppersum,Groningen,Stedum,,,9920 AA,beschermd,6.689461978037,53.307450011186
#80ff80,small,,45982,,Archeologie,Loppersum,Groningen,Stedum,,,9920 AA,beschermd,6.66522464891,53.319859643549
#80ff80,small,,45998,,Archeologie,Coevorden,Drenthe,Schoonoord,,,7848 ZA,beschermd,6.773264739633,52.820191388591
#80ff80,small,,45999,,Archeologie,Coevorden,Drenthe,Sleen,,,7840 AA,beschermd,6.773397735905,52.813619770671
#80ff80,small,,46000,,Archeologie,Coevorden,Drenthe,Sleen,,,7840 AA,beschermd,6.786722842335,52.796593877559
#80ff80,small,,46001,,Archeologie,Coevorden,Drenthe,Sleen,,,7840 AA,beschermd,6.786478744201,52.794987917829
#80ff80,small,,46002,,Archeologie,Coevorden,Drenthe,Sleen,,,7840 AA,beschermd,6.797307341291,52.785458922546
#80ff80,small,,46018,,Archeologie,Terschelling,Friesland,Oosterend,,,8880 AA,beschermd,5.377886753638,53.402569087465
#80ff80,small,,46149,,Archeologie,Winsum,Groningen,Winsum,,,9950 AA,beschermd,6.468759831185,53.329821496829
#80ff80,small,,46150,,Archeologie,Winsum,Groningen,Winsum,,,9950 AA,beschermd,6.497910731706,53.323436247372
#80ff80,small,,46151,,Archeologie,Winsum,Groningen,Winsum,,,9950 AA,beschermd,6.507897785324,53.33118830759
#80ff80,small,,46152,,Archeologie,Winsum,Groningen,Winsum,,,9950 AA,beschermd,6.521894650186,53.31889894269
#80ff80,small,,46153,,Archeologie,Winsum,Groningen,Winsum,,,9950 AA,beschermd,6.524314530193,53.325867194585
#80ff80,small,,46154,,Archeologie,Winsum,Groningen,Winsum,,,9950 AA,beschermd,6.518587055728,53.325525854638
#80ff80,small,,46155,,Archeologie,Winsum,Groningen,Winsum,,,9950 AA,beschermd,6.510451018849,53.345056756402
#80ff80,small,,46156,,Archeologie,Winsum,Groningen,Winsum,,,9950 AA,beschermd,6.516782852565,53.331132107488
#80ff80,small,,46157,,Archeologie,Winsum,Groningen,Winsum,,,9950 AA,beschermd,6.503578246449,53.347546958179
#80ff80,small,,46158,,Archeologie,Winsum,Groningen,Winsum,,,9950 AA,beschermd,6.505279843663,53.349463119437
#80ff80,small,,46159,,Archeologie,Winsum,Groningen,Maarhuizen,,,9770 AA,beschermd,6.494123674285,53.34135321206
#80ff80,small,,46160,,Archeologie,Winsum,Groningen,Winsum,,,9950 AA,beschermd,6.558157215129,53.3329288145
#80ff80,small,,46190,,Archeologie,Tynaarlo,Drenthe,Zuidlaren,,,9470 AA,beschermd,6.692118517275,53.076814604895
#80ff80,small,,46193,,Archeologie,Loppersum,Groningen,Leermens,,,9915 ZA,beschermd,6.798162047787,53.345969838042
#80ff80,small,,46194,,Archeologie,Loppersum,Groningen,'t Zandt,,,9915 ZA,beschermd,6.786110928862,53.342039823598
#80ff80,small,,46195,,Archeologie,Loppersum,Groningen,Eenum,,,9914 ZA,beschermd,6.779442499585,53.339205643965
#80ff80,small,,46196,,Archeologie,Loppersum,Groningen,Oosterwijtwerd,,,9914 ZA,beschermd,6.814775483646,53.338863190903
#80ff80,small,,46197,,Archeologie,Loppersum,Groningen,'t Zandt,,,9915 ZA,beschermd,6.791195518171,53.371338895267
#80ff80,small,,46198,,Archeologie,Loppersum,Groningen,Leermens,,,9914 ZA,beschermd,6.787337891793,53.353914482344
#80ff80,small,,46199,,Archeologie,Loppersum,Groningen,Leermens,,,9914 ZA,beschermd,6.78554550116,53.362544226386
#80ff80,small,,46205,,Archeologie,Harlingen,Friesland,Wijnaldum,,,8860 AA,beschermd,5.461436587679,53.19516584331
#80ff80,small,,46206,,Archeologie,Franekeradeel,Friesland,Sexbierum,,,8855 ZA,beschermd,5.485310821286,53.218879570343
#80ff80,small,,46207,,Archeologie,Franekeradeel,Friesland,Pietersbierum,,,8800 AA,beschermd,5.476441592598,53.215714607316
#80ff80,small,,46208,,Archeologie,Franekeradeel,Friesland,Tzummarum,,,8850 AA,beschermd,5.544450670118,53.236796609768
#80ff80,small,,46209,,Archeologie,Franekeradeel,Friesland,Tzummarum,,,8850 AA,beschermd,5.541552021573,53.242910506938
#80ff80,small,,46210,,Archeologie,Franekeradeel,Friesland,Firdgum,,,8800 AA,beschermd,5.559608108789,53.248232270248
#80ff80,small,,46211,,Archeologie,Franekeradeel,Friesland,Sexbierum,,,8855 ZA,beschermd,5.475525023,53.221358206523
#80ff80,small,,46219,,Archeologie,Tynaarlo,Drenthe,Zuidlaren,,,9470 AA,beschermd,6.694935113606,53.073216030894
#80ff80,small,,46226,,Archeologie,Dongeradeel,Friesland,Raard,,,9100 AA,beschermd,5.934822624174,53.326098448207
#80ff80,small,,46227,,Archeologie,Dongeradeel,Friesland,Raard,,,9100 AA,beschermd,5.944040532943,53.326316674119
#80ff80,small,,46228,,Archeologie,Leeuwarden,Friesland,Leeuwarden,,,8900 AA,beschermd,5.805881522061,53.17875070326
#80ff80,small,,46229,,Archeologie,Ferwerderadiel,Friesland,Hallum,,,9074 ZA,beschermd,5.782348820173,53.322230740555
#80ff80,small,,46230,,Archeologie,Dongeradeel,Friesland,Holwerd,,,9100 AA,beschermd,5.925704483868,53.366268108827
#80ff80,small,,47109,,Archeologie,Eemsmond,Groningen,Oldorp,,,9979 ZG,beschermd,6.653221937131,53.402191402201
#80ff80,small,,47145,,Archeologie,Eemsmond,Groningen,Usquert,,,9988 ZA,beschermd,6.613469677313,53.39914340525
#80ff80,small,,47146,,Archeologie,Eemsmond,Groningen,Usquert,,,9988 ZA,beschermd,6.623815642414,53.405480445778
#80ff80,small,,47147,,Archeologie,Eemsmond,Groningen,Usquert,,,9988 ZA,beschermd,6.626205340147,53.405437899013
#80ff80,small,,47169,,Archeologie,Eemsmond,Groningen,Warffum,,,9989 ZA,beschermd,6.559527194634,53.391530772836
#80ff80,small,,47170,,Archeologie,Eemsmond,Groningen,Warffum,,,9989 ZA,beschermd,6.573200106883,53.391297950821
#80ff80,small,,47171,,Archeologie,Eemsmond,Groningen,Warffum,,,9989 ZA,beschermd,6.570130065544,53.384067578613
#80ff80,small,,47172,,Archeologie,Eemsmond,Groningen,Warffum,,,9989 ZA,beschermd,6.562895432339,53.371773889532
#80ff80,small,,47173,,Archeologie,Eemsmond,Groningen,Warffum,,Noordpolder 6,9989 TE,beschermd,6.556067235991,53.416320327249
#80ff80,small,,47512,,Archeologie,Dongeradeel,Friesland,Dokkum,,,9100 AA,beschermd,5.982355206517,53.330535924071
#80ff80,small,,47513,,Archeologie,Dongeradeel,Friesland,Dokkum,,,9100 AA,beschermd,5.980729727635,53.31496321308
#80ff80,small,,47514,,Archeologie,Dongeradeel,Friesland,Dokkum,,,9100 AA,beschermd,5.997974866687,53.326962242954
#80ff80,small,,47526,,Archeologie,Delfzijl,Groningen,Bierum,,,9906 ZA,beschermd,6.879542773328,53.371191927906
#80ff80,small,,341029,,Archeologie,Coevorden,Drenthe,Oosterhesselen,,,7860 AA,beschermd,6.729756316445,52.742522502654
#80ff80,small,,341036,,Archeologie,Coevorden,Drenthe,Gees,,,7860 AA,beschermd,6.654388053004,52.742953137027
#80ff80,small,,341350,,Archeologie,Coevorden,Drenthe,Meppen,,,7854 ZA,beschermd,6.70286739387,52.782674597971
#80ff80,small,,352971,,Archeologie,Winsum,Groningen,Adorp,,,9774 ZA,beschermd,6.530860328675,53.263153921397
#80ff80,small,,354375,,Archeologie,Menameradiel,Friesland,Engelum,,,9038 ZA,beschermd,5.726016887342,53.225324067558
#80ff80,small,,357083,,Archeologie,Zuidhorn,Groningen,Aduard,,,9830 AA,beschermd,6.460253022266,53.257048077466
#80ff80,small,,420185,,Archeologie,Aa en Hunze,Drenthe,Rolde,,,9450 AA,beschermd,6.649133383553,52.98983162521
#80ff80,small,,421079,Noordlaren,Archeologie,Haren,Groningen,Noordlaren,,,9479 ZA,beschermd,6.658782482407,53.115628213827
#80ff80,small,,421080,Loon,Archeologie,Assen,Drenthe,Loon,,,9400 AA,beschermd,6.613206904467,53.0230172355
#80ff80,small,,421089,Diever,Archeologie,Westerveld,Drenthe,Diever,,,7980 AA,beschermd,6.331099381884,52.859032107682
#80ff80,small,,421090,Borger,Archeologie,Borger-Odoorn,Drenthe,Borger,,,9530 AA,beschermd,6.798403534412,52.930265203218
#80ff80,small,,452870,Odoorn,Archeologie,Borger-Odoorn,Drenthe,Odoorn,,,7873 ZA,beschermd,6.870517825234,52.835118199479
#80ff80,small,,464135,,Archeologie,Tynaarlo,Drenthe,Zeyen,,,9480 AA,beschermd,6.531075895618,53.061872229097
#80ff80,small,,464140,,Archeologie,Aa en Hunze,Drenthe,Balloo,,,9444 ZA,beschermd,6.618954181381,53.00070625354
#80ff80,small,,464145,,Archeologie,Borger-Odoorn,Drenthe,Drouwen,,,9520 AA,beschermd,6.785703758497,52.952128407612
#80ff80,small,,464156,,Archeologie,Borger-Odoorn,Drenthe,Bronneger,,,9520 AA,beschermd,6.800359743054,52.944271609921
#80ff80,small,,464166,,Archeologie,Borger-Odoorn,Drenthe,Borger,,,9530 AA,beschermd,6.811014131049,52.926098061483
#80ff80,small,,467460,,Archeologie,Noordenveld,Drenthe,Roden,,,9300 AA,beschermd,6.410493927176,53.104859362029
#80ff80,small,,467465,,Archeologie,Noordenveld,Drenthe,Norg,,,9330 AA,beschermd,6.445804533331,53.055710171842
#80ff80,small,,467470,,Archeologie,Tynaarlo,Drenthe,Tynaarlo,,,9482 ZA,beschermd,6.629638692274,53.074882183809
#80ff80,small,,467478,,Archeologie,Borger-Odoorn,Drenthe,Bronneger,,,9520 AA,beschermd,6.802525619357,52.944991928948
#80ff80,small,,467484,,Archeologie,Borger-Odoorn,Drenthe,Drouwen,,,9520 AA,beschermd,6.774557482938,52.94323496577
#80ff80,small,,467493,,Archeologie,Borger-Odoorn,Drenthe,Odoorn,,,7873 ZA,beschermd,6.845882534397,52.891649810137
#80ff80,small,,507384,,Archeologie,Delfzijl,Groningen,Delfzijl,,,9905 ZG,beschermd,6.96419025803,53.309829226507
#80ff80,small,,507523,,Archeologie,Aa en Hunze,Drenthe,Gieten,,,9468 ZG,beschermd,6.75553035446,53.016251977828
#80ff80,small,,507524,,Archeologie,Aa en Hunze,Drenthe,Gieten,,,9460 AA,beschermd,6.75824277131,53.014836872589
#80ff80,small,,508040,,Archeologie,Westerveld,Drenthe,Havelte,,,7970 AA,beschermd,6.218039980644,52.790772041514
#80ff80,small,,508081,,Archeologie,Oldambt,Groningen,Midwolda,,,9680 AA,beschermd,6.993284915673,53.210730703562
#80ff80,small,,514804,,Archeologie,Franekeradeel,Friesland,Dongjum,,,8800 AA,beschermd,5.522229453366,53.204754293193
#80ff80,small,,514820,,Archeologie,Franekeradeel,Friesland,Dongjum,,,8800 AA,beschermd,5.525795900942,53.2061789303
#80ff80,small,,514821,,Archeologie,Franekeradeel,Friesland,Dongjum,,,8800 AA,beschermd,5.529838643344,53.206731293555
#80ff80,small,,514822,,Archeologie,Franekeradeel,Friesland,Dongjum,,,8800 AA,beschermd,5.533268705279,53.207535865093
#80ff80,small,,514823,,Archeologie,Franekeradeel,Friesland,Dongjum,,,8800 AA,beschermd,5.54023067299,53.208210083425
#80ff80,small,,522122,,Archeologie,Delfzijl,Groningen,Borgsweer,,,9930 AA,beschermd,7.013701440235,53.298160308376
#80ff80,small,,522123,,Archeologie,S·dwest-FryslÔn,Friesland,Arum,,,8822 ZJ,beschermd,5.477157444833,53.128202556619
#80ff80,small,,522124,,Archeologie,Zuidhorn,Groningen,Selwerd,,,9800 AA,beschermd,6.405267370568,53.295582606688
#80ff80,small,,522134,,Archeologie,Winsum,Groningen,Adorp,,,9774 ZA,beschermd,6.45877739643,53.286948965459
#80ff80,small,,522135,,Archeologie,Winsum,Groningen,Ezinge,,,9890 NA,beschermd,6.458795822471,53.296141502595
#80ff80,small,,522136,,Archeologie,Winsum,Groningen,Ezinge,,,9890 NA,beschermd,6.446437856426,53.299234437268
#80ff80,small,,522137,,Archeologie,Winsum,Groningen,Ezinge,,,9890 NA,beschermd,6.439807802969,53.305987247045
#80ff80,small,,522138,,Archeologie,Zuidhorn,Groningen,Kommerzijl,,,9880 NA,beschermd,6.348947079499,53.287447152739
#80ff80,small,,522139,,Archeologie,Zuidhorn,Groningen,Niehove,,,9800 AA,beschermd,6.349383150652,53.299601556422
#80ff80,small,,522140,,Archeologie,Winsum,Groningen,Adorp,,,9774 ZA,beschermd,6.458214032937,53.286001469554
#80ff80,small,,522141,,Archeologie,Winsum,Groningen,Ezinge,,,9890 NA,beschermd,6.445338508417,53.29600018265
#80ff80,small,,522142,,Archeologie,Winsum,Groningen,Ezinge,,,9890 NA,beschermd,6.446879080134,53.28789021319
#80ff80,small,,522143,,Archeologie,Zuidhorn,Groningen,Niehove,,,9800 AA,beschermd,6.382274955257,53.281936898611
#80ff80,small,,522144,,Archeologie,Zuidhorn,Groningen,Oldehove,,,9800 AA,beschermd,6.382043513961,53.303109648818
#80ff80,small,,522145,,Archeologie,Winsum,Groningen,Garnwerd,,,9893 ZA,beschermd,6.497920055842,53.280123428199
#80ff80,small,,522156,,Archeologie,Zuidhorn,Groningen,Oldehove,,,9800 AA,beschermd,6.368931044913,53.306991560391
#80ff80,small,,522157,,Archeologie,Zuidhorn,Groningen,Niehove,,,9800 AA,beschermd,6.366921358232,53.289853905752
#80ff80,small,,522161,,Archeologie,Aa en Hunze,Drenthe,Anloo,,,9444 ZG,beschermd,6.694374183911,53.0605324918
#80ff80,small,,522164,,Archeologie,Winsum,Groningen,Ezinge,,,9890 NA,beschermd,6.440020219452,53.310999544383
#80ff80,small,,526880,,Archeologie,Midden-Drenthe,Drenthe,Orvelte,Bij,Schapendrift 1,9441 PJ,beschermd,6.656165569048,52.848853612939
#80ff80,small,,527157,,Archeologie,Borger-Odoorn,Drenthe,Exloo,,,7875 ZG,beschermd,6.870998494021,52.867648317383
#80ff80,small,,527159,,Archeologie,Eemsmond,Groningen,Rottum,,,9995 ZA,beschermd,6.620818195082,53.383297976882
#80ff80,small,,527270,,Archeologie,Noordenveld,Drenthe,Zuidvelde,,Asserstraat 71,9335 TA,beschermd,6.454261800683,53.048427716789
#80ff80,small,,527274,,Archeologie,Winsum,Groningen,Tinallinge,,,9770 AA,beschermd,6.534879122656,53.356220260239
#80ff80,small,,528804,,Archeologie,De Wolden,Drenthe,Rheebruggen,,,7920 NB,beschermd,6.296846404477,52.781353021042
#80ff80,small,,528805,,Archeologie,Westerveld,Drenthe,Wittelte,,,7970 AA,beschermd,6.309218492626,52.829024677413
#80ff80,small,,529965,,Archeologie,Noordenveld,Drenthe,Peize,,,9320 AA,beschermd,6.511186483484,53.176963303457
#80ff80,small,,531043,Wierde Late IJzertijd-Romeinse tijd,Archeologie,Zuidhorn,Groningen,Aduard,,,9800 AA,beschermd,6.460240719779,53.257156020961
#80ff80,small,,531047,terp,Archeologie,Dantumadiel,Friesland,Rinsumageast,,,9104 ZG,voorbeschermd,5.927126696887,53.307200988246
